[{
	"id": 1,
	"name": "Nina",
	"surname": "Palmer",
	"city": "London",
	"email": "nina@gmail.com",
	"phone": "+44 20 7946 0964",
	"active": true
}, {
	"id": 2,
	"name": "Jeff",
	"surname": "Brooks",
	"city": "Sydney",
	"email": "jeff.brooks@gmail.com",
	"phone": "+61 1900 654 321",
	"active": false
}, {
	"id": 3,
	"name": "Anthony",
	"surname": "Hill",
	"city": "Los Angeles",
	"email": "a.hill@gmail.com",
	"phone": "+1 213 509 6995",
	"active": true
}, {
	"id": 4,
	"name": "Shannon",
	"surname": "Hunt",
	"city": "Singapore",
	"email": "s.hunt@gmail.com",
	"phone": "+65 84624113",
	"active": true
}, {
	"id": 5,
	"name": "Ryan",
	"surname": "Conner",
	"city": "Hong Kong",
	"email": "ryan@gmail.com",
	"phone": "+852 3772 3361",
	"active": true
}, {
	"id": 6,
	"name": "Carol",
	"surname": "Caldwell",
	"city": "Hong Kong",
	"email": "c.c@gmail.com",
	"phone": "+852 2153 9983"
}, {
	"id": 7,
	"name": "Keith",
	"surname": "Spencer",
	"city": "London",
	"email": "k.spencer@hotmail.com",
	"phone": "+44 20 7946 0145",
	"active": true
}, {
	"id": 8,
	"name": "Stanley",
	"surname": "Reese",
	"city": "Sydney",
	"email": "stanley.reese@gmail.com",
	"phone": "+61 1900 654 321",
	"active": true
}]